<?xml version="1.0" encoding="UTF-8"?>
<project-private xmlns="http://www.netbeans.org/ns/project-private/1">
    <editor-bookmarks xmlns="http://www.netbeans.org/ns/editor-bookmarks/2" lastBookmarkId="0"/>
    <open-files xmlns="http://www.netbeans.org/ns/projectui-open-files/2">
        <group>
            <file>file:/home/hacker/NetBeansProjects/Gupta'sBank/web/Why.html</file>
            <file>file:/home/hacker/NetBeansProjects/Gupta'sBank/src/java/com/Ayush/Servlet/BalanceEnquiry.java</file>
            <file>file:/home/hacker/NetBeansProjects/Gupta'sBank/web/header.html</file>
            <file>file:/home/hacker/NetBeansProjects/Gupta'sBank/web/Balance.html</file>
            <file>file:/home/hacker/NetBeansProjects/Gupta'sBank/src/java/com/Ayush/Service/BalanceEnquiryService.java</file>
            <file>file:/home/hacker/NetBeansProjects/Gupta'sBank/web/index.html</file>
            <file>file:/home/hacker/NetBeansProjects/Gupta'sBank/web/menu.html</file>
            <file>file:/home/hacker/NetBeansProjects/Gupta'sBank/web/footer.html</file>
        </group>
    </open-files>
</project-private>
